{"cameraMode":{"drawMode":0,"name":"Shaded","section":"Shading Mode"},"sceneLighting":true,"audioPlay":false,"sceneViewState":{"showFog":true,"showMaterialUpdate":false,"showSkybox":true,"showFlares":true,"showImageEffects":true,"showParticleSystems":true},"in2DMode":false,"pivot":{"x":2.892923593521118,"y":3.0335853099823,"z":89.81163787841797},"rotation":{"x":0.012295679189264775,"y":-0.04707624763250351,"z":0.0005795204779133201,"w":0.9988154768943787},"size":11.044432640075684,"orthographic":false}